달짝지근해: 7510|230815|1117336명|/moviedb/main?movieId=162610|https://img1.daumcdn.net/thumb/C408x596/?fname=https%3A%2F%2Ft1.daumcdn.net%2Fmovie%2Fb52206340a8facdb4bc0ee75b2e649d22a4b5f30
타겟|230830|260933명|/moviedb/main?movieId=172401|https://img1.daumcdn.net/thumb/C408x596/?fname=https%3A%2F%2Ft1.daumcdn.net%2Fmovie%2Fdc1c15973a9068bb70a3f4eedec1d22f07faa390
밀수|230726|5071947명|/moviedb/main?movieId=147080|https://img1.daumcdn.net/thumb/C408x596/?fname=https%3A%2F%2Ft1.daumcdn.net%2Fmovie%2F51a727081fdf0a5774f9e360f3ae3f15c85bc61d
엘리멘탈|230614|7126892명|/moviedb/main?movieId=163777|https://img1.daumcdn.net/thumb/C408x596/?fname=https%3A%2F%2Ft1.daumcdn.net%2Fmovie%2Fe4ce2c6ae33edb0ef32d5614b367f85c10a7316c
스파이 코드명 포춘|230830|36397명|/moviedb/main?movieId=156377|https://img1.daumcdn.net/thumb/C408x596/?fname=https%3A%2F%2Ft1.daumcdn.net%2Fmovie%2Fcdaa401eb4a9c8717b7a20aead43c11627be8e19
신체모음.zip|230830|35212명|/moviedb/main?movieId=161323|https://img1.daumcdn.net/thumb/C408x596/?fname=https%3A%2F%2Ft1.daumcdn.net%2Fmovie%2F14accdfd01c533d02d496ae8bdd95029ac66d7a7
마야 3: 숲속 왕국의 위기|230824|34813명|/moviedb/main?movieId=160098|https://img1.daumcdn.net/thumb/C408x596/?fname=https%3A%2F%2Ft1.daumcdn.net%2Fmovie%2F88e1e1b9ba061ea77c0373e489c636307e7850eb
조이 라이드|230830|10257명|/moviedb/main?movieId=168980|https://img1.daumcdn.net/thumb/C408x596/?fname=https%3A%2F%2Ft1.daumcdn.net%2Fmovie%2F5afaaa75a091a816c6471a1e016766f41ca39e1b
한 남자|230830|10300명|/moviedb/main?movieId=162849|https://img1.daumcdn.net/thumb/C408x596/?fname=https%3A%2F%2Ft1.daumcdn.net%2Fmovie%2Fd7724271c6d444df3ce3066770395bf314a0492e
청춘 돼지는 외출하는 여동생의 꿈을 꾸지 않는다|230831|7715명|/moviedb/main?movieId=171949|https://img1.daumcdn.net/thumb/C408x596/?fname=https%3A%2F%2Ft1.daumcdn.net%2Fmovie%2F12f968c33271a1e5ee5eb067fee52493af0f8ffd
명탐정코난: 흑철의 어영|230720|776281명|/moviedb/main?movieId=166691|https://img1.daumcdn.net/thumb/C408x596/?fname=https%3A%2F%2Ft1.daumcdn.net%2Fmovie%2F84703a66a0dc79c4b28434564c684a572a838946
일주일간 친구|230906|5767명|/moviedb/main?movieId=162686|https://img1.daumcdn.net/thumb/C408x596/?fname=https%3A%2F%2Ft1.daumcdn.net%2Fmovie%2Fc6a96248849cfe84c3e3d4544cc30c8c2f817966
미션 임파서블: 데드 레코닝 PART ONE|230712|4018561명|/moviedb/main?movieId=139236|https://img1.daumcdn.net/thumb/C408x596/?fname=https%3A%2F%2Ft1.daumcdn.net%2Fmovie%2Fb65c5c7161099ca353e93f1e48115c7ef05dcaa8
